Line item,FY2023,FY2024,FY2025
Revenue,,,
Cost of goods sold,,,
SG&A,,,
R&D,,,
Depreciation & amortization,,,
Operating income (EBIT),,,
Interest expense,,,
Interest income,,,
Pre-tax income,,,
Income tax,,,
Net income (consolidated),,,
Net income to common shareholders,,,
Cash & cash equivalents,,,
Short-term investments,,,
Accounts receivable,,,
Inventory,,,
Total current assets,,,
Gross PP&E,,,
Accumulated depreciation,,,
Net PP&E,,,
Total assets,,,
Accounts payable,,,
Total current liabilities,,,
Short-term debt & current portion of long-term debt,,,
Long-term debt,,,
Total liabilities,,,
Common stock & APIC,,,
Retained earnings,,,
Treasury stock,,,
Total shareholders' equity,,,
Non-controlling interests,,,
Cash from operations,,,
Change in working capital,,,
Capital expenditure,,,
Cash from investing,,,
Debt issued,,,
Debt repaid,,,
Dividends paid,,,
Share buybacks,,,
Cash from financing,,,
Beginning cash (cash-flow statement),,,
Ending cash (cash-flow statement),,,
