Statement,Line Item,2021,2022,2023,2024
Income Statement,Total Revenue,100000000.0,115000000.0,130000000.0,150000000.0
Income Statement,Cost of Goods Sold,60000000.0,68000000.0,75000000.0,85000000.0
Income Statement,Gross Profit,40000000.0,47000000.0,55000000.0,65000000.0
Income Statement,Operating Expenses,20000000.0,22000000.0,25000000.0,28000000.0
Income Statement,Operating Income,20000000.0,25000000.0,30000000.0,37000000.0
Income Statement,Interest Expense,2000000.0,2200000.0,2100000.0,2000000.0
Income Statement,Pretax Income,18000000.0,22800000.0,27900000.0,35000000.0
Income Statement,Tax Provision,3780000.0,4788000.0,5859000.0,7350000.0
Income Statement,Net Income,14220000.0,18012000.0,22041000.0,27650000.0
Income Statement,Diluted EPS,1.42,1.8,2.2,2.76
Income Statement,Diluted Shares,10000000.0,10000000.0,10000000.0,10000000.0
Balance Sheet,Cash and Cash Equivalents,15000000.0,18000000.0,22000000.0,28000000.0
Balance Sheet,Short Term Investments,5000000.0,6000000.0,8000000.0,10000000.0
Balance Sheet,Accounts Receivable,12000000.0,14000000.0,16000000.0,18000000.0
Balance Sheet,Inventory,8000000.0,9000000.0,10000000.0,11000000.0
Balance Sheet,Current Assets,40000000.0,47000000.0,56000000.0,67000000.0
Balance Sheet,Net PPE,50000000.0,55000000.0,60000000.0,68000000.0
Balance Sheet,Total Assets,100000000.0,115000000.0,130000000.0,150000000.0
Balance Sheet,Accounts Payable,10000000.0,11500000.0,12500000.0,14000000.0
Balance Sheet,Current Debt,5000000.0,5000000.0,5000000.0,5000000.0
Balance Sheet,Current Liabilities,20000000.0,22000000.0,24000000.0,26000000.0
Balance Sheet,Long Term Debt,25000000.0,25000000.0,23000000.0,20000000.0
Balance Sheet,Total Debt,30000000.0,30000000.0,28000000.0,25000000.0
Balance Sheet,Total Liabilities,48000000.0,50000000.0,50000000.0,50000000.0
Balance Sheet,Retained Earnings,32000000.0,45000000.0,60000000.0,80000000.0
Balance Sheet,Stockholders Equity,52000000.0,65000000.0,80000000.0,100000000.0
Balance Sheet,Working Capital,20000000.0,25000000.0,32000000.0,41000000.0
Cash Flow,Operating Cash Flow,18000000.0,23000000.0,28000000.0,35000000.0
Cash Flow,Capital Expenditure,8000000.0,9000000.0,10000000.0,12000000.0
Cash Flow,Free Cash Flow,10000000.0,14000000.0,18000000.0,23000000.0
Cash Flow,Investing Cash Flow,-9000000.0,-10000000.0,-12000000.0,-14000000.0
Cash Flow,Financing Cash Flow,-6000000.0,-7000000.0,-8000000.0,-9000000.0
Cash Flow,Depreciation and Amortization,4000000.0,4500000.0,5000000.0,6000000.0
Cash Flow,Cash Dividends Paid,3000000.0,4000000.0,5000000.0,6000000.0
